time_step,agent_id,position,orientation,eating_event,displacement
0,0,[31.04236157 40.16953097],-0.5204934995440417,False,
1,0,[31.04722623 40.1575273 ],-1.1857603307968514,False,0.01295193940351662
2,0,[31.30791823 39.68528956],-1.0663916775287867,False,0.5394152465484672
3,0,[31.29128085 39.59298342],-1.7491230817508387,False,0.09379353457763809
4,0,[31.29475829 39.10077138],-1.5637315086632595,False,0.49222432301470037
5,0,[31.24236512 38.55214675],-1.6660067160757228,False,0.5511207030056018
6,0,[31.26989704 38.03759454],-1.5173407369721694,False,0.5152882523518598
7,0,[31.19987035 37.9248691 ],-2.1266688931757676,False,0.13270554554820307
8,0,[30.90880148 37.59480612],-2.293497662811997,False,0.4400711910973963
9,0,[30.60986286 37.41479477],-2.5995803704961684,False,0.34895327097267614
10,0,[30.16242163 37.26164915],-2.8118209420693314,False,0.47292413529710486
11,0,[30.08587599 37.29652023],-3.569060146429714,False,0.08411437043886075
12,0,[29.9037859  37.52360176],-4.036508220092889,False,0.2910718562548467
13,0,[29.90562906 37.53349703],-4.896545777936897,False,0.01006545803762652
14,0,[29.91899126 38.045223  ],-4.738495077830967,False,0.511900400628836
15,0,[29.82447882 38.37933837],-4.436717514608244,False,0.34722569229582523
16,0,[29.67903756 38.96377101],-4.468484590965701,False,0.6022579799384443
17,0,[29.58433172 39.52585842],-4.54546723908841,False,0.5700100408403522
18,0,[29.65954288 39.67074273],-5.191208853817644,False,0.1632427153100214
19,0,[29.71543041 39.95521194],-4.906380805351333,False,0.2899071302750738
20,0,[29.71017851 39.96758231],-4.310895493317613,False,0.01343906976439018
21,0,[29.48375889 40.53340269],-4.331743251774907,False,0.6094411782954084
22,0,[29.46168035 40.90924393],-4.653712072728668,False,0.37648917425230216
23,0,[29.55123231 41.33422251],-4.920071739851746,False,0.43431134872085125
24,0,[29.73653888 41.79706852],-5.0932085352939,False,0.49856289024368944
25,0,[29.88248834 41.90838144],-5.631617464603897,False,0.18355329073455032
26,0,[30.14826868 42.24751154],-5.3771190352555065,False,0.43086936993732977
27,0,[30.16305615 42.44842132],-4.785859011782105,False,0.20145324775197487
28,0,[30.14228753 42.47086743],-3.965788908367677,False,0.030580440426282485
29,0,[30.14242827 42.56115199],-4.713947789689915,False,0.09028466547276173
30,0,[30.22454961 42.66935853],-5.361581729813769,False,0.13584023682498333
31,0,[30.42978315 43.10018748],-5.156953668753697,False,0.47721524921027414
32,0,[30.39703728 43.25514362],-4.504129563932162,False,0.15837833308230131
33,0,[30.34134709 43.70508607],-4.589243458932298,False,0.45337578773467946
34,0,[30.42597475 43.96502726],-5.027131501422517,False,0.2733701930090946
35,0,[30.52355231 44.35349112],-4.958485705261438,False,0.4005315893194437
36,0,[30.53935149 44.7097376 ],-4.756708931981918,False,0.35659664479971154
37,0,[30.47085676 44.7971818 ],-4.04791646346105,False,0.11107662000367315
38,0,[30.19531921 45.18586919],-4.095719833260875,False,0.4764439402324981
39,0,[30.18737383 45.18784279],-3.385061346949548,False,0.008186828380510661
40,0,[30.15166598 45.16544139],-2.581303512571239,False,0.04215297123903736
41,0,[29.88547074 44.85475292],-2.279220029524128,False,0.4091298522658585
42,0,[29.76794573 44.51700182],-1.9056556079356253,False,0.357614221325978
43,0,[29.70532849 44.3473219 ],-1.924324146526024,False,0.18086512844650202
44,0,[29.75128025 44.15855991],-1.3320035082448058,False,0.19427468334317388
45,0,[29.76258589 44.15052831],-0.6176762547718476,False,0.01386809112548062
46,0,[29.82142493 43.98510781],-1.2290581252228043,False,0.1755732767806812
47,0,[30.02424543 43.40346631],-1.2352768820324838,False,0.6159894352765072
48,0,[30.02350599 43.40221546],-2.10468375699083,False,0.0014530634948997487
49,0,[29.87493146 42.96238996],-1.8965644793176015,False,0.4642422463162542
50,0,[29.71560889 42.4174233 ],-1.8552227410110618,False,0.5677784257060958
51,0,[29.62703443 41.88520912],-1.7357111538322678,False,0.539534399095956
52,0,[29.52901053 41.27297738],-1.7295580071147385,False,0.6200293501233585
53,0,[29.41982667 40.85625708],-1.8270439007675132,False,0.4307864034602549
54,0,[29.4136814  40.83315699],-1.8308022791026737,False,0.023903518722261964
55,0,[29.37700773 40.46933088],-1.6712569891926905,False,0.36566978857797205
56,0,[29.44606825 40.1151945 ],-1.3782023708111046,False,0.3608073336612072
57,0,[29.51686482 40.0482661 ],-0.7573193794351066,False,0.09742466687731861
58,0,[29.56273266 39.85784196],-1.3344270097446156,False,0.19587039128051886
59,0,[29.57446881 39.85162539],-0.48711988994515476,False,0.01328092835504727
60,0,[29.84144516 39.829722  ],-0.08185911289741699,False,0.26787334200718443
61,0,[30.09405293 39.67725259],-0.5430488820169527,False,0.29505526039349184
62,0,[30.55859839 39.3532164 ],-0.609068917193473,False,0.5663937962309155
63,0,[30.81771373 39.02871859],-0.8969634759759536,False,0.41525846431243835
64,0,[31.18270917 38.65751237],-0.7938342010691165,False,0.5205917142327923
65,0,[31.19048278 38.54566658],-1.5014049752411642,False,0.11211560553221547
66,0,[31.23215814 38.1340639 ],-1.46988880636237,False,0.413707142296891
67,0,[31.31669457 37.55966862],-1.4246706836400298,False,0.5805827634591956
68,0,[31.47877502 37.29254378],-1.0254216690350617,False,0.31245120631691264
69,0,[31.47512245 37.11931575],-1.5918785092965444,False,0.17326653325422098
70,0,[31.4382344  37.00114756],-1.8733765680993928,False,0.12379195599734263
71,0,[31.39233354 36.97743898],-2.66481896188518,True,0.05166223167345266
72,0,[31.30876864 36.88760631],-2.3200633598519538,False,0.12269066912711703
73,0,[31.25209972 36.64398483],-1.7993426727685782,False,0.2501255546433295
74,0,[31.2841559  36.55580711],-1.2221098726846649,False,0.09382382106587807
75,0,[31.2892522  36.55327184],-0.4616245225140091,False,0.005692089898890814
76,0,[31.50664315 36.5713136 ],0.08280247231787763,False,0.21813832341612652
77,0,[31.59618859 36.64453089],0.6854139203318826,False,0.1156683120785282
78,0,[31.61867911 36.72158418],1.286803254484128,False,0.08026850559800996
79,0,[31.62011514 36.75697993],1.5302477139422335,False,0.03542486869458
80,0,[31.61836561 36.79050846],1.6229295331366254,False,0.033574148888974316
81,0,[31.56562899 36.84159325],2.3721033679311847,False,0.07342211109519495
82,0,[31.34906    36.90801791],2.843988041979757,False,0.2265267367940606
83,0,[31.30717775 36.95567718],2.2917659618237805,False,0.06344705642485848
84,0,[30.97524657 37.19853243],2.509943661766309,False,0.41128698353198306
85,0,[30.63578577 37.50236125],2.411528225109317,False,0.4555717150745128
86,0,[30.22374634 37.892917  ],2.382955852608571,False,0.5677237722946235
87,0,[30.00682108 38.25857586],2.106234060119631,False,0.4251622934855946
88,0,[29.83782266 38.69042649],1.9438109351910557,False,0.463740693407716
89,0,[29.64516494 39.03716366],2.0779520269084655,False,0.39666567743865966
90,0,[29.36447224 39.29917675],2.390600317352751,False,0.38397819967521174
91,0,[29.07626686 39.65785068],2.247686198862507,False,0.46011881745616495
92,0,[28.93965623 40.02430941],1.927624413283543,False,0.39109392436638574
93,0,[28.85408122 40.50940343],1.7454089159281454,False,0.492584301501376
94,0,[28.89606856 40.74411874],1.3937824293124206,False,0.2384412145726712
95,0,[28.89176619 41.23313351],1.5795941223307892,False,0.48903369538403435
96,0,[28.77454309 41.6507187 ],1.8444694339516856,False,0.4337264667449089
97,0,[28.75489786 41.88368291],1.6549245108942088,False,0.2337910594076567
98,0,[28.83237045 42.31434829],1.3928094945252367,False,0.43757818508896074
99,0,[28.92680385 42.76532985],1.3643834221694244,False,0.4607624505600624
100,0,[28.86645425 42.88235822],2.046911827692006,False,0.13167274372597718
101,0,[28.62685237 43.17548937],2.2560501347608346,False,0.37859600419346146
102,0,[28.56837083 43.43902497],1.7891690150670483,False,0.2699464790408999
103,0,[28.48278601 43.64536102],1.96398190840114,False,0.22338157770056333
104,0,[28.4758196  43.64761946],2.8280943661065,False,0.007323348357878119
105,0,[27.96568377 43.79563902],2.859190263364166,False,0.5311763883601204
106,0,[27.88931102 43.89261147],2.2379129308563153,False,0.12343602529067327
107,0,[27.53551071 44.16338364],2.4883555728683326,False,0.44552466371752425
108,0,[27.51575696 44.18413947],2.3314624075546204,False,0.028653362778347815
109,0,[27.13799504 44.42911482],2.566278706968506,False,0.45024103324738346
110,0,[26.90542514 44.43959143],3.096575943153889,False,0.2328057599319363
111,0,[26.55199597 44.32939861],3.4438231836941156,False,0.37020890484714286
112,0,[26.54337354 44.31099865],4.274166087771659,False,0.02032005954134852
113,0,[26.5303971  44.05294551],4.662145376752818,False,0.2583791954992607
114,0,[26.5726227  44.00636668],5.448805928182992,False,0.06286962381064291
115,0,[26.58263652 43.98775652],5.206037123915756,False,0.021133259427980056
116,0,[26.63749872 43.61675137],4.859199544005406,False,0.3750395756998577
117,0,[26.61053319 43.58058054],4.071770841236527,False,0.045116166073145045
118,0,[26.32788824 43.2323332 ],4.0306019704874245,False,0.44851351430251213
119,0,[26.14050594 43.17683786],3.429523778718355,False,0.19542737923090453
120,0,[26.06771184 43.21316647],2.6786975126815404,False,0.0813556915001008
121,0,[26.03251412 43.30366321],1.9417312867312493,False,0.09710067023405915
122,0,[26.03453309 43.32388712],1.4712947896945479,False,0.020324438021662162
123,0,[25.99986083 43.82475414],1.6399105528562417,False,0.502065675748953
124,0,[25.94723023 44.43476984],1.6568606514841526,False,0.6122819100635172
125,0,[25.89317913 45.04117337],1.659695271989075,False,0.6088076524637992
126,0,[25.97354334 45.23806923],1.1832788446579212,False,0.21266495651950587
127,0,[26.20946619 45.70554486],1.1034164084293845,False,0.5236344714524749
128,0,[26.18358294 45.88630051],1.7130241761788363,False,0.18259941987571227
129,0,[26.15780074 45.90385156],2.543908288482087,False,0.0311891224128345
130,0,[25.69421609 46.14218461],2.666721645875552,False,0.5212613286738875
131,0,[25.29538634 46.21995827],2.9490048853640527,False,0.40634210455848796
132,0,[25.21970313 46.17515645],3.676083111303698,False,0.08794971127409737
133,0,[25.19194961 46.08409972],4.41654013237955,False,0.09519236851659313
134,0,[25.23149784 45.99758286],5.141144762006306,False,0.09512743339838436
135,0,[25.22999633 45.93222712],4.6894185299176865,False,0.06537299244334571
136,0,[25.2284085  45.92637908],4.4472650915315235,False,0.006059760093567211
137,0,[25.17734954 45.42600416],4.610699546074212,False,0.5029732389903584
138,0,[25.14506496 45.34832612],4.318489673738343,False,0.08411998470242439
139,0,[25.05575054 44.88021029],4.523859310284893,False,0.4765600683378986
140,0,[24.87252152 44.62588969],4.088059947455285,False,0.31345149623156043
141,0,[24.81650559 44.58953976],3.717209092680756,False,0.06677650717376753
142,0,[24.5063508 44.4008687],3.6881019476929,False,0.3630327283607235
143,0,[24.40012401 44.29143115],3.9418775300352835,False,0.15251461721561937
144,0,[24.2773526  44.20907072],3.7324814779604543,False,0.14783795506469474
145,0,[24.13609776 44.2210839 ],3.056750637328695,False,0.14176475553956555
146,0,[24.07323459 44.2879715 ],2.325187817407499,False,0.09179176871432289
147,0,[24.06814834 44.28822413],3.0919635668217245,False,0.0050925226574356245
148,0,[23.69257426 44.20240581],3.3662350251240425,False,0.385254036690205
149,0,[23.18785401 44.0193595 ],3.4895088694794625,False,0.5368877762893188
150,0,[23.13862411 43.95780971],4.037746512408258,False,0.07881598513156324
151,0,[22.74998237 43.54492784],3.9572241635365693,False,0.5670219111046804
152,0,[22.73112132 43.51312469],4.177090957448873,False,0.03697538256256684
153,0,[22.7268751  43.50388286],4.281698385421365,False,0.010170640680217625
154,0,[22.61374828 43.03504511],4.475622697169433,False,0.48229297798054177
155,0,[22.68129109 42.81720785],5.013050190537377,False,0.22806819425538574
156,0,[22.68341373 42.8076037 ],4.929905080895136,False,0.009835915391195809
157,0,[22.79671684 42.71383012],5.591819596951591,False,0.14707508563960453
158,0,[22.7980832  42.68469445],4.759251066591051,False,0.029167684007735083
159,0,[22.82809022 42.63684049],5.272463936061622,False,0.056483828254891684
160,0,[23.13498468 42.37634391],5.579379676054656,False,0.402545252922712
161,0,[23.35172457 42.1193575 ],5.413033326779169,False,0.3361817852116639
162,0,[23.66601299 41.66286016],5.315340203156511,False,0.5542265125811916
163,0,[23.65853814 41.62122699],4.534741024927925,False,0.042298867548767966
164,0,[23.59535352 41.05577241],4.601109320997588,False,0.5689737973932021
165,0,[23.53128951 40.92712599],4.250354536957484,False,0.1437153429220305
166,0,[23.46230247 40.88722684],3.665946217550078,False,0.07969412321507417
167,0,[23.27060129 40.63445605],4.063533983575805,False,0.3172418892559015
168,0,[22.89173034 40.18871898],4.007902162020622,False,0.5849997737718525
169,0,[22.83594796 40.16011368],3.6154290370115,False,0.06268921384133054
170,0,[22.79456071 40.17440874],2.809023817065026,False,0.04378644513676055
171,0,[22.25153017 40.38989137],2.763835024741825,False,0.5842216525614996
172,0,[21.8521059 40.6528089],2.5594457336582153,False,0.4781896890941143
173,0,[21.81739755 40.76594494],1.868465425203654,False,0.11834032105698837
174,0,[21.87070552 40.93297187],1.2618574497721458,False,0.17532750174629352
175,0,[22.0389468  41.18834283],0.9882517802173824,False,0.3058095163823554
176,0,[22.29318662 41.53028987],0.9314640686995975,False,0.42610522760304037
177,0,[22.48151265 41.94767543],1.1469416230618619,False,0.45790544730429344
178,0,[22.45702524 42.13041736],1.7040027760141938,False,0.18437528089476793
179,0,[22.37233078 42.2139783 ],2.3629312757416794,False,0.11897723799650482
180,0,[22.13696386 42.38308812],2.5185618605732696,False,0.28982014266796136
181,0,[22.12419847 42.45502601],1.7464183181652233,False,0.07306171867949428
182,0,[22.05632799 43.02994464],1.688304790280532,False,0.578910903077303
183,0,[21.89160013 43.30234896],2.1146779074047863,False,0.31833847677593713
184,0,[21.74505648 43.36215647],2.754105234536456,False,0.15827816464856267
185,0,[21.34460546 43.60326361],2.5996385720756114,False,0.4674330646252364
186,0,[21.21037985 43.82993778],2.105425433241892,False,0.26343442033629555
187,0,[21.19671618 43.83785859],2.616234442847147,False,0.015793518256821806
188,0,[21.15003685 43.82619193],3.3865073533323824,False,0.04811517452433093
189,0,[20.86015686 43.61925481],3.7615679227040233,False,0.3561648274529426
190,0,[20.80538589 43.45530057],4.389982284021466,False,0.17286078318574388
191,0,[20.84854655 43.17588937],4.8656477051352045,False,0.28272507045774325
192,0,[20.83973223 43.12119354],4.5526112529630645,False,0.05540149812968252
193,0,[20.90788265 42.99388558],5.203891255024201,False,0.14440150828803397
194,0,[21.1662867  42.64677436],5.35232324380752,True,0.4327341538027537
195,0,[21.16996704 42.53465206],4.745201563684276,False,0.11218268989393076
196,0,[21.23990701 41.98155574],4.838173081015369,False,0.5575007963482509
197,0,[21.2062341  41.90659909],4.290174138379531,False,0.08217276857192489
198,0,[21.12499451 41.86554746],3.609483573370665,False,0.09102256987787369
199,0,[21.04324162 41.70889558],4.231393980538602,False,0.17670129188014255
200,0,[20.7603263  41.30174057],4.105121687949173,False,0.4957986298461967
201,0,[20.74341166 41.22150698],4.504614084540047,False,0.08199716445657365
202,0,[20.71452219 41.08315993],4.506528316052799,False,0.14133119619930928
203,0,[20.76591219 40.99049359],5.218734243030187,False,0.10596217514462711
204,0,[20.76883592 40.98684378],5.387778319877472,False,0.004676465322911984
205,0,[20.78692421 40.92991804],5.020051775555941,False,0.05973044558405831
206,0,[20.79405781 40.92617385],5.799843587059849,False,0.008056495387135282
207,0,[21.13325233 40.64247309],5.586642591689182,False,0.44219797073464784
208,0,[21.14782216 40.5653641 ],4.899138457849848,False,0.07847341335340134
209,0,[21.31356617 40.06150191],5.030186741751938,False,0.5304226495655299
210,0,[21.2923373  39.80049782],4.631232235990933,False,0.2618659899717489
211,0,[21.28201834 39.78014907],4.24307311246273,False,0.02281562561206997
212,0,[21.07609467 39.45954856],4.141441503266216,False,0.3810370600998881
213,0,[20.84930936 38.98695865],4.26496848665811,False,0.524187755644081
214,0,[20.77345548 38.94900536],3.6055181547935757,False,0.08481900216920082
215,0,[20.64646345 38.97247532],2.9588403635365923,False,0.12914261577741495
216,0,[20.39936572 39.1523003 ],2.5124853068359174,False,0.3056048263701649
217,0,[19.9388337  39.52140042],2.4659592848941214,False,0.5901903493627542
218,0,[19.81387298 39.6698371 ],2.2705370708423334,False,0.19403254299623215
219,0,[19.46765509 40.11987975],2.2265355524162485,False,0.567807372490373
220,0,[19.29555909 40.51158914],1.9847552437593823,False,0.4278472681677582
221,0,[19.07248946 41.00213741],1.997581173955793,False,0.5388855749528294
222,0,[19.10578164 41.15604544],1.3577662970730677,False,0.15746762003583917
223,0,[19.25491068 41.72410697],1.3140667795634622,False,0.5873102844523737
224,0,[19.21391742 41.80219456],2.054216009910253,False,0.08819364382961463
225,0,[19.14757901 41.828654  ],2.762073227674777,False,0.07142049141256473
226,0,[19.11828244 41.8682199 ],2.208157355074422,False,0.04923158655202938
227,0,[18.85014214 42.16584933],2.3041194829976783,False,0.400602667518573
228,0,[18.84206356 42.16727095],2.967401335036037,False,0.008202705350753743
229,0,[18.26146941 42.25399201],2.9933227578729777,False,0.5870350172708967
230,0,[17.93850783 42.20643586],3.2877922289131423,False,0.32644413351739787
231,0,[17.93162866 42.19817381],4.01807020707385,False,0.010751015240603394
232,0,[17.90023116 42.1087804 ],4.374620293858007,False,0.09474694847484105
233,0,[17.88786257 41.708685  ],4.681484708884294,False,0.4002865362874366
234,0,[17.90144629 41.67657684],5.112616499538404,False,0.03486332783912566
235,0,[17.90784373 41.67210133],5.672741893441765,False,0.007807525436645349
236,0,[17.94059982 41.5643503 ],5.007509553801879,False,0.1126199140623587
237,0,[17.97339174 41.54622438],5.778229019410498,False,0.037468106000847226
238,0,[18.43222706 41.25703619],5.720808323817466,False,0.5423648720345735
239,0,[18.43309884 41.25169313],4.874125422757324,False,0.005413713944566073
240,0,[18.52455066 40.68301077],4.871837373114117,False,0.5759887660394141
241,0,[18.67128196 40.16447126],4.988149948104115,False,0.5389000803267825
242,0,[18.89211262 39.74074678],5.1928253975909255,False,0.4778165099316535
243,0,[19.18779444 39.22172319],5.230222453341133,False,0.5973384533424986
244,0,[19.24183028 38.86524984],4.862828191506583,False,0.36054558955074345
245,0,[19.29243794 38.72904289],5.068131371770013,False,0.14530474508591243
246,0,[19.27524078 38.46839849],4.646505091370724,False,0.26121111063946456
247,0,[19.3378318  38.28337508],5.038591188750378,False,0.19532357172469353
248,0,[19.33175826 38.26067596],4.450946047244629,False,0.023497615136917914
249,0,[19.33015771 38.06179716],4.7043412840066585,False,0.19888524601108837
250,0,[19.33258606 38.03290246],4.796233506570802,False,0.02899656214465854
251,0,[19.39070057 37.93087118],5.230136997981899,False,0.11742094610078445
252,0,[19.4022841  37.92602593],5.887013802076031,False,0.012556054498977422
253,0,[19.56735768 37.95968221],6.484315120657791,False,0.16846967296534435
254,0,[19.65472269 38.05601626],7.117369326728479,False,0.1300495891450159
255,0,[19.95934577 38.2061006 ],6.740966759055549,False,0.3395887623924695
256,0,[20.2511586  38.37030273],6.795724219795651,False,0.3348388654060984
257,0,[20.52929081 38.6618724 ],7.092165921554997,False,0.40295210870287296
258,0,[20.58346405 38.66450668],6.331773988183955,False,0.05423724773774938
259,0,[20.97666093 38.58195419],6.076239030863989,False,0.40176946602481645
260,0,[21.45557717 38.40564381],5.930438453663957,False,0.5103392109304055
261,0,[21.77478807 38.23261538],5.786465831692983,False,0.36309012628837994
262,0,[21.92949678 38.13967766],5.742231295115867,False,0.18047770992468393
263,0,[21.93255002 38.13664719],5.501529364456918,False,0.0043018594619506
264,0,[22.11905949 38.05274224],5.860439815937042,False,0.20451363298094297
265,0,[22.35726635 38.08057848],6.399515115741435,False,0.23982777382630008
266,0,[22.75529768 38.16815285],6.499753547434569,False,0.4075514806902603
267,0,[22.87853033 38.22541646],6.718178918199173,False,0.13588747854921668
268,0,[23.27359675 38.27237389],6.401489849130388,False,0.39784731070537155
269,0,[23.29157478 38.26292382],5.799232138013775,False,0.020310420681323594
270,0,[23.41281895 38.20483442],5.8363882095244595,False,0.13444154197695626
271,0,[23.4822378  38.19822856],6.188311530250378,False,0.06973245003009647
272,0,[23.63617049 38.26843   ],6.711061384447786,False,0.1691848562567007
273,0,[23.80461017 38.47727918],7.175281679288947,False,0.26830934631428216
274,0,[23.92680732 38.66176198],7.268954711296515,False,0.22128272805515445
275,0,[24.23386201 38.94245228],7.023756668210756,False,0.416016386485294
276,0,[24.382397   39.13651387],7.200696356001157,False,0.2443819530774038
277,0,[24.51714799 39.33599224],7.259877030973754,False,0.24072692287154415
278,0,[24.5406616  39.34362564],6.597089318381032,False,0.024721625205434423
279,0,[24.93081344 39.5780962 ],6.824319619918635,False,0.4551866693323307
280,0,[25.14157784 39.78830293],7.0672587532451265,False,0.29767179896843016
281,0,[25.22877353 39.97733356],7.421788536836622,False,0.20817221091889204
282,0,[25.29975296 40.03779173],6.988706246975735,False,0.09323770550110319
283,0,[25.58262202 40.39610908],7.185714655091996,False,0.45651531178955024
284,0,[25.70408628 40.75031956],7.523632071195066,False,0.3744577808651197
285,0,[25.73977362 40.80696852],7.291813910518696,False,0.06695289738622794
286,0,[25.91303481 41.0440387 ],7.222853876590679,False,0.2936353323022133
287,0,[26.06551348 41.44808918],7.493130137484531,False,0.4318640243803237
288,0,[26.12426938 41.5237911 ],7.19395461952097,False,0.09582816437945864
289,0,[26.1431723  41.68138334],7.734603707389031,False,0.15872188389235994
290,0,[26.04932278 41.95093029],8.189029736929395,False,0.28541774807700776
291,0,[26.02751409 41.96095223],8.994020045273233,False,0.0240012082639519
292,0,[25.8446467 42.1766622],8.55716601924929,False,0.28279192515912616
293,0,[25.82864429 42.33652257],7.953751720144758,False,0.16065931704713818
294,0,[25.83145149 42.72320106],7.8467219745909365,False,0.38668868057113687
295,0,[25.77765626 42.78244955],8.591176952498024,False,0.08002693289233115
296,0,[25.43979041 43.19103918],8.544915639248169,False,0.5301875358860325
297,0,[25.41256389 43.40584918],7.980056352553393,False,0.2165285658018032
298,0,[25.46014908 43.47102342],7.223323827034104,False,0.08069716062011686
299,0,[25.48944919 43.71878711],7.736270056025527,False,0.2494901704190572
300,0,[25.46202052 44.21937476],7.9087198444748665,False,0.5013385270503335
301,0,[25.33934639 44.62617579],8.146867208375633,False,0.4248953100002544
302,0,[25.22815139 44.712665  ],8.763711194463031,False,0.14087125829528455
303,0,[25.08991429 44.97985505],8.33143139789419,False,0.3008322105660229
304,0,[25.10097057 45.04232405],7.678807437171423,False,0.06343986440813094
305,0,[25.07881763 45.13207108],8.095981742203728,False,0.09244069907150441
306,0,[24.86687486 45.49213943],8.385990085141415,False,0.4178144940878265
307,0,[24.84458656 45.50066676],9.059367661486007,False,0.023863861216151416
308,0,[24.31674436 45.67855671],9.099718921500825,False,0.5570118657305357
309,0,[24.22731497 45.63945362],9.83697939253228,False,0.09760465290149581
310,0,[24.18365231 45.54728353],10.553172216428747,False,0.10198898439289543
311,0,[24.19734432 45.43373695],11.115579808673063,False,0.11436912173324018
312,0,[24.34183394 45.24579439],11.650997172368722,False,0.23706466800103662
313,0,[24.34496616 45.24512269],12.355121629413706,False,0.003203432177255856
314,0,[24.58868117 45.05778121],11.911014328343235,False,0.307398500179941
315,0,[24.83898011 44.90029807],12.004770947160583,False,0.29572030524809667
316,0,[25.01373302 44.63379617],11.575966071689967,False,0.31868768906748884
317,0,[25.07786971 44.42670491],11.295908559288407,False,0.21679553401729165
318,0,[25.03589939 44.11459687],10.86190250154141,False,0.3149173447685662
319,0,[25.09591135 43.68977275],11.135908785126155,False,0.4290419259374288
320,0,[25.16811668 43.52124929],11.400370802830148,False,0.1833405731728864
321,0,[25.24969672 43.1213846 ],11.196831370848281,False,0.4081017881930491
322,0,[25.23715789 42.69662442],10.966063074162113,False,0.4249452114709067
323,0,[25.25033546 42.62363311],11.174186452972569,False,0.0741712842165508
324,0,[25.19574016 42.46986649],10.654405058886042,False,0.1631711410962566
325,0,[24.96415979 42.02735243],10.513438251962416,False,0.49944786075573866
326,0,[24.94951994 41.71409041],10.948874732131403,False,0.31360391756065986
327,0,[25.01612842 41.52305562],11.331065526981341,False,0.20231406591506723
328,0,[25.13151919 41.05099422],11.23531335571423,False,0.4859598598905708
329,0,[25.16176661 40.92796705],11.236652434427665,False,0.1266909325347498
330,0,[25.2181108  40.87354422],11.798316632848223,False,0.07833589299194628
331,0,[25.22184246 40.84912874],11.14724034045076,False,0.024699007230763556
332,0,[25.32565845 40.4934218 ],11.279544916752108,False,0.3705471395445447
333,0,[25.35113729 40.34539153],11.166023312776684,False,0.1502069712069282
334,0,[25.53412881 39.98573858],11.466237312765875,False,0.40352960640108015
335,0,[25.52474107 39.95027471],10.73679686272427,False,0.03668535789831266
336,0,[25.47686595 39.45236504],10.89971675965377,False,0.500206018900314
337,0,[25.46620569 39.29324208],10.928680341957422,False,0.15947964703544437
338,0,[25.49077975 39.22090963],11.323077751632647,False,0.07639285740304776
339,0,[25.54139336 39.17672727],11.848711722595318,False,0.06718495391644677
340,0,[25.5753548  39.12790704],11.603369872503412,False,0.05947095568508225
341,0,[25.57625424 39.11850876],11.09098671926359,False,0.009441218617914554
342,0,[25.49284141 38.8574785 ],10.686277463964986,False,0.2740337488936208
343,0,[25.53126716 38.63331803],11.165344914418121,False,0.2274301136335018
344,0,[25.602545   38.57626558],11.891371564131571,False,0.09129902946718661
345,0,[25.76644832 38.54946452],12.404287537702643,False,0.16608008823004863
346,0,[25.77001837 38.55224815],13.228622359846147,False,0.004527021821991809
347,0,[25.89430361 38.72562907],13.515232480446459,False,0.2133254863997533
348,0,[25.99795092 38.77944028],13.045241150581928,False,0.11678360738497326
349,0,[26.43827894 39.08276401],13.16957990154157,False,0.53469061306989
350,0,[26.88717339 39.28964784],12.998230580187295,False,0.4942743631965045
351,0,[26.91469535 39.35965202],13.762581930284112,False,0.07521996065230374
352,0,[26.90150726 39.39047655],14.541443892001272,False,0.03352726172167472
353,0,[26.7891484  39.48534754],15.006754410562571,False,0.14705447602503013
354,0,[26.72695952 39.48928432],15.64474390862658,False,0.06231336464595282
355,0,[26.62775712 39.55029638],15.156568393916666,False,0.11646281172674773
356,0,[26.14038016 39.79144331],15.248496159554694,False,0.5437721373538339
357,0,[26.12101745 39.83341486],14.569402463948343,False,0.04622256628342539
358,0,[25.85316487 40.37851208],14.593898795547197,False,0.6073516184832575
359,0,[25.73755636 40.76644009],14.426801990888023,False,0.40478817543672685
360,0,[25.64825274 41.29596007],14.304244857709705,False,0.5369977156333847
361,0,[25.60494984 41.85509064],14.21445950391449,False,0.5608048985979698
362,0,[25.70990739 42.1518131 ],13.797179295937745,False,0.31473847518595316
363,0,[25.69888666 42.34309268],14.194719166132414,False,0.19159679539625002
364,0,[25.56737331 42.53392466],14.740579110275764,False,0.23175980311591715
365,0,[25.47507747 42.58128925],15.233825598826158,False,0.1037397091929132
366,0,[25.18435695 42.86567767],14.933574913733734,False,0.40668808156350017
367,0,[25.18044168 42.86700333],15.381491985055975,False,0.004133604224349936
368,0,[24.67998125 42.97399381],15.49734957806503,False,0.5117690979293391
369,0,[24.45932391 42.90878107],15.995321947596661,False,0.23009207097214768
370,0,[24.43624034 42.86519591],16.791697716474477,False,0.04932055546432736
371,0,[24.35094428 42.45734638],17.072594953512052,False,0.41667333090367653
372,0,[24.40758747 42.09686123],17.434615696916826,False,0.36490819648296113
373,0,[24.40830383 42.09441661],17.56381404053353,False,0.002547414498671386
374,0,[24.43289838 42.01458026],17.577596226588742,False,0.08353882048452697
375,0,[24.42858042 42.00769836],16.718410098261636,False,0.008124363052712922
376,0,[24.25840478 41.57714632],16.902354839622483,False,0.46296307743007414
377,0,[24.24176624 41.49210575],17.085546237313554,False,0.08665298610082911
378,0,[24.31571032 41.32945302],17.705443241930247,False,0.17867186411603408
379,0,[24.55679526 40.83833873],17.735095709080426,False,0.5470970647591558
380,0,[24.71513906 40.53231718],17.75625139061667,False,0.3445605149322738
381,0,[24.77098287 40.50602915],18.409587362326988,False,0.061721883843512015
382,0,[24.77719182 40.48904406],17.629222567553395,False,0.018084372250204934
383,0,[24.97203587 40.03680324],17.68556749659892,False,0.4924286308484804
384,0,[25.23897423 39.70339817],17.953892354335096,False,0.4271007275928816
385,0,[25.32392968 39.69005004],18.69371084518827,False,0.08599767658254633
386,0,[25.65594237 39.51526754],18.36498605373765,False,0.3752084116451803
387,0,[26.15593394 39.21414542],18.307480418342436,False,0.5836660874866239
388,0,[26.15856123 39.20086195],17.47402611829768,False,0.013540794660509902
389,0,[26.34528054 38.90064206],17.835156759085777,False,0.3535478475385576
390,0,[26.36403625 38.75282948],17.404973524516365,False,0.14899777308168444
391,0,[26.42613393 38.68819961],18.044179093071076,False,0.08962780037300219
392,0,[26.53762987 38.64814146],18.50463876294802,False,0.11847362169519535
393,0,[27.00532272 38.5635235 ],18.670565849136977,False,0.475286022919184
394,0,[27.01221778 38.55860889],18.230309342956343,False,0.00846730161092898
395,0,[27.36550447 38.31404214],18.244042541294824,False,0.42967939655502957
396,0,[27.36675513 38.30491246],17.414899768752058,False,0.009214946616417325
397,0,[27.42574083 38.2454018 ],18.059727636202922,False,0.08379041145981096
398,0,[27.71062884 38.03961697],18.223996182812048,False,0.351437858157425
399,0,[27.78682163 37.85829741],17.676568440247262,False,0.1966777173338491
400,0,[27.78578611 37.85538241],16.93742572471576,False,0.003093464233595897
401,0,[27.74060365 37.50349972],17.151056297532516,False,0.35477158916239004
402,0,[27.83362266 37.29487693],17.69817517637114,False,0.2284206790492705
403,0,[27.86954898 37.25458052],18.006887238982287,False,0.0539861225614139
404,0,[27.89629677 37.25071101],18.705886374577208,False,0.02702622900143538
405,0,[27.97760327 37.27348467],19.12265402972577,False,0.08443569830420185
406,0,[28.17173914 37.43535429],19.54456688878761,False,0.2527657218887659
407,0,[28.19581518 37.44829868],19.34286501017197,False,0.02733518637778553
408,0,[28.27999443 37.54740014],19.716192158492042,False,0.13002786970487806
409,0,[28.30535518 37.54973706],18.941443260375447,False,0.025468196115990962
410,0,[28.31719234 37.56155006],19.633932557061883,False,0.016723198303511332
411,0,[28.36750116 37.6146844 ],19.662262096860047,False,0.07317264069426414
412,0,[28.58690424 37.95679144],19.850096983716483,False,0.40641719769354534
413,0,[28.87526204 38.4237037 ],19.86710315843792,False,0.5487779930905812
414,0,[29.11113532 38.9146391 ],19.972461032744402,False,0.544659306533516
415,0,[29.26966132 39.00408343],19.363254781575687,False,0.18201863319104536
416,0,[29.43932249 39.20278545],19.713628919675276,False,0.26128032482228347
417,0,[29.44037425 39.20499229],19.97560827684391,False,0.0024446447031838746
418,0,[29.7127094  39.49266613],19.662337333129713,False,0.3961346707371556
419,0,[29.74851029 39.63653929],20.17646892661182,False,0.148260541387609
420,0,[29.89214757 40.21891005],20.17853623292191,False,0.5998227898099185
421,0,[30.06290593 40.3938471 ],19.647041292654382,False,0.24446142093200837
422,0,[30.11623443 40.39908294],18.947423018391795,False,0.05358491818725387
423,0,[30.3145597  40.53100155],19.436516769177697,False,0.2381920072326976
424,0,[30.37209805 40.680179  ],20.05223034176123,False,0.15988924663939738
425,0,[30.44799258 40.94712234],20.1433518183335,False,0.27752247795609497
426,0,[30.56630812 41.28400885],20.082606162673653,False,0.3570589437923401
427,0,[30.6568806  41.63037302],20.164584411419195,False,0.35801049227603315
428,0,[30.83984676 42.14815307],20.08068141301722,False,0.5491564395329654
429,0,[30.80613163 42.24763918],20.74709792215564,False,0.10504377959495484
430,0,[30.7786471  42.26009452],21.565656313653133,False,0.03017507121779227
431,0,[30.62560537 42.29068783],21.7938474914937,False,0.1560696064348216
432,0,[30.5855673  42.26995706],22.46891592939195,False,0.04508671363291221
433,0,[30.5443277 42.1654013],23.186252192079397,False,0.11239489132839504
434,0,[30.55018551 42.15242707],23.98604190685911,False,0.014235333062828981
435,0,[30.54337008 42.06980405],23.47964287694496,False,0.08290363609786765
436,0,[30.54493996 42.06327514],23.797916183856366,False,0.006714998480272992
437,0,[30.68257089 41.62098811],23.86362685694762,False,0.46320631496386944
438,0,[30.67825616 41.60719022],23.258869243774203,False,0.014456780983827765
439,0,[30.51257159 41.02606362],23.284204710155937,False,0.6042842912909119
440,0,[30.29182697 40.5981847 ],23.08565487520254,False,0.481465009512435
441,0,[30.29317851 40.54587599],23.587776829323094,False,0.05232617372199898
442,0,[30.33677617 40.14047799],23.669076035613973,False,0.4077355654184406
443,0,[30.41321754 39.62692863],23.709709094273126,False,0.5192073034224526
444,0,[30.42771099 39.61588808],24.481755270853995,False,0.0182196072064434
445,0,[30.78224909 39.29516462],24.39737762026254,False,0.4780803290449744
446,0,[31.07056916 38.9076251 ],24.20157943664122,False,0.4830272674119917
447,0,[31.08294736 38.6986219 ],23.621100730995177,False,0.20936942221183208
448,0,[30.97997055 38.50626224],23.07043070864154,False,0.2181890518442897
449,0,[30.91341898 38.18996806],23.354559698982726,False,0.32321992860763177
450,0,[30.96236114 38.10622896],24.090859642649068,False,0.09699263771475387
451,0,[31.07978262 38.06335169],24.782627911602106,False,0.12500505467826803
452,0,[31.53054838 37.84596876],24.683392113589782,False,0.5004449150666713
453,0,[31.89543488 37.64786228],24.635345104141628,False,0.4151967385046831
454,0,[31.98520383 37.54957661],24.302085445754514,False,0.13311099420929748
455,0,[31.99464944 37.44414263],23.65129430255955,False,0.10585623929298868
456,0,[32.00415314 37.43554402],24.397300173384792,False,0.01281626063067504
457,0,[32.4495412  37.09272316],24.476742875884227,False,0.5620468520002665
458,0,[32.45684418 37.05182559],23.73865009790488,False,0.04154449732242113
459,0,[32.61813216 36.75739807],24.063099017561807,False,0.33571025217776607
460,0,[32.88791342 36.49625837],24.363618149231314,False,0.37546753689090473
461,0,[32.94979189 36.49304975],25.080934061178212,False,0.06196160830914501
462,0,[33.1996352  36.51255412],25.210649626681562,False,0.25060347203929145
463,0,[33.67500624 36.45415572],25.01050565828395,False,0.4789446679040351
464,0,[33.79692187 36.39753097],24.697928883424822,False,0.13442389338759494
465,0,[34.35215981 36.13791263],24.69536406640438,False,0.612936257413618
466,0,[34.3633961  36.11355275],23.99412459593706,False,0.026826448645011762
467,0,[34.38608261 36.0957914 ],24.46851238880734,False,0.02881220776619524
468,0,[34.66382108 35.98169316],24.74294922923962,False,0.30026166258052134
469,0,[35.214348   35.79065361],24.798730622826874,False,0.5827314926016687
470,0,[35.58681832 35.66328488],24.803249813901015,False,0.3936456937982072
471,0,[36.14484452 35.45396246],24.77387222941498,False,0.59599422578302
472,0,[36.49144134 35.23257203],24.56431180750567,False,0.411270077820701
473,0,[36.79901065 35.08570898],24.687258521641667,False,0.34083374340391487
474,0,[37.07236924 35.0366078 ],24.955014560532838,False,0.2777333978055406
475,0,[37.14873052 35.01400726],24.844987132135316,False,0.07963561263379591
476,0,[37.35042601 35.07221675],25.413707562732085,False,0.20992716765973116
477,0,[37.38464591 35.13124779],26.17818333403307,False,0.06823242962359721
478,0,[37.36991147 35.18386465],26.9765764796704,False,0.054640990781498866
479,0,[37.4091643  35.49776603],26.579135011828942,False,0.3163461097528321
480,0,[37.4142305  35.50225043],25.85729680120121,False,0.006765811574459037
481,0,[37.85103921 35.86309345],25.82318911299207,False,0.5665770335801128
482,0,[37.85628929 35.89450835],26.537947158642442,False,0.03185057910452784
483,0,[37.93585745 36.46082823],26.563950886222845,False,0.5718822380204142
484,0,[38.09155667 36.68865078],26.104023788839235,False,0.27594449467606497
485,0,[38.18971982 36.71245789],25.370673221202903,False,0.10100882440068266
486,0,[38.31762344 36.72757147],25.25035960498216,False,0.12879346332296518
487,0,[38.84036638 36.85498601],25.371821630598756,False,0.5380470604914797
488,0,[39.2084901  37.01905117],25.551996334401625,False,0.40302909859053
489,0,[39.2257763 37.0604122],26.307666683842786,False,0.04482797326820211
490,0,[39.2210919  37.06993474],27.16070631920068,False,0.010612370847950407
491,0,[39.02428221 37.23832141],27.56660855703626,False,0.2590137540291195
492,0,[38.74770104 37.36359251],27.84904846064575,False,0.3036280473026632
493,0,[38.72409161 37.35714647],28.540866050735772,False,0.024473596963741653
494,0,[38.67706507 37.28149693],29.288953052714856,False,0.08907495706023218
495,0,[38.67991805 37.26584264],30.025400541469395,False,0.015912135178563748
496,0,[38.7932638  37.15286648],30.63216140507856,False,0.16003398182512393
497,0,[38.84246243 37.1092246 ],30.690309682156798,False,0.06576563386375875
498,0,[38.87450818 36.96118354],30.058306508424405,False,0.15146974955927536
499,0,[38.8938696  36.52249434],29.889236275769687,False,0.4391162447205679
500,0,[38.79926414 36.09498465],29.627345700601733,False,0.4378524004859386
501,0,[38.60098238 35.6739163 ],29.405031106320358,False,0.46541831893544583
502,0,[38.55871686 35.61145184],29.25025955131071,False,0.07542005024128728
503,0,[38.56511409 35.43804934],29.882005857090224,False,0.17352045685212314
504,0,[38.6695997  34.95704233],30.0590298224822,False,0.4922245309694875
505,0,[38.60187783 34.79764386],29.443379029526923,False,0.17318812109083262
506,0,[38.32937684 34.37818449],29.26900239117761,False,0.5002029049927128
507,0,[38.23670339 34.35405407],28.529058931062632,False,0.09576348569969864
508,0,[37.86402096 34.14270352],28.790215610277325,False,0.4284404862890401
509,0,[37.71042573 34.09567568],28.571451016739648,False,0.16063347473569267
510,0,[37.46164472 33.97554045],28.724204486190448,False,0.27626882378029927
511,0,[37.08096049 33.70442267],28.893191283150177,False,0.46735995839571964
512,0,[36.94329558 33.62234725],28.81195246217543,False,0.16027477772409326
513,0,[36.887748  33.6344083],28.06052252627761,False,0.05684190550137205
514,0,[36.30766204 33.73883428],28.096223409459775,False,0.5894103053395587
515,0,[36.09426225 33.90165356],27.622578647210823,False,0.2684205447019002
516,0,[35.62643603 34.26128329],27.618956057169896,False,0.5900804279784854
517,0,[35.35387967 34.45413351],27.658551497170226,False,0.3338834820596557
518,0,[35.28144711 34.61962815],27.11609333228833,False,0.18065145861043538
519,0,[35.25768123 34.72781474],26.91977773538298,False,0.11076622488741643
520,0,[35.19634824 35.26117231],26.818028798319727,False,0.5368724513206953
521,0,[35.14695398 35.31308591],27.46407265461037,False,0.07165762490662338
522,0,[35.08708418 35.50284906],27.00915090861728,False,0.19898352501670868
523,0,[34.88240557 36.05520255],27.058407562498825,False,0.5890566301753635
524,0,[34.8862689 36.0682317],26.415281865284015,False,0.013589852865624016
525,0,[35.08983498 36.59097138],26.332183685372247,False,0.5609776492422753
526,0,[35.14706449 36.61674411],25.555877781108965,False,0.06276504262182525
527,0,[35.37086356 36.59301132],25.027091006931123,False,0.2250539210286898
528,0,[35.63187122 36.6951855 ],25.505864320761198,False,0.2802937040572827
529,0,[36.15450727 36.84816499],25.417494292726957,False,0.5445651134390764
530,0,[36.27755317 36.90604968],25.572455661050803,False,0.13598136232011254
531,0,[36.52338583 37.16545775],25.945002102331813,False,0.35738808565049995
532,0,[36.53543292 37.21852726],26.48031479233676,False,0.05441971253112077
533,0,[36.55432279 37.27453845],26.37826458530268,False,0.059110755458835124
534,0,[36.69247399 37.42059936],25.945962500440235,False,0.20104612332941596
535,0,[36.79162615 37.42860306],25.213287948187258,False,0.09947466762595665
536,0,[37.34273261 37.52452863],25.305074647912857,False,0.5593925650446643
537,0,[37.71886441 37.7092523 ],25.589254968972103,False,0.4190441167522961
538,0,[37.73908038 37.75575259],26.29343831537591,False,0.05070465120939357
539,0,[37.72564459 37.78620976],27.11899650697879,False,0.03328903667310426
540,0,[37.51154376 38.00763948],27.47210982811113,False,0.3080101991719546
541,0,[37.41197802 38.18924944],27.205028091634066,False,0.2071123282415636
542,0,[37.35250267 38.21064997],27.92893603551596,False,0.06320838290376152
543,0,[37.2984412  38.19043095],28.632228015108492,False,0.05771872584080418
544,0,[37.23593218 38.08037074],29.3286081068451,False,0.12657261564494493
545,0,[37.2432412  38.05779967],30.158296855327773,False,0.02372498651314974
546,0,[37.44986572 37.79580788],30.512923037238636,False,0.33366658327462523
547,0,[37.49002999 37.73110932],30.400697032619206,False,0.07615164607518764
548,0,[37.52248072 37.42876018],29.952049556569353,False,0.30408559924243206
549,0,[37.43822526 37.04348587],29.629830225552077,False,0.39437961211580264
550,0,[37.29868234 36.91395779],29.022529121360517,False,0.19039366961965587
551,0,[37.18646805 36.63103529],29.467536235392366,False,0.3043635810974204
552,0,[36.93587461 36.24672932],29.267302914494472,False,0.458789873104027
553,0,[36.71576931 36.12648895],28.774320918256933,False,0.2508068770590543
554,0,[36.24589931 35.8157017 ],28.858704014116945,False,0.563352938425806
555,0,[36.19569564 35.82449368],28.10096585908865,False,0.05096770274916351
556,0,[36.05078172 35.88958956],27.852142267102014,False,0.15886321270401332
557,0,[35.5499247  36.09310944],27.88837116463582,False,0.540627492841652
558,0,[35.49822658 36.10220808],28.10012236372161,False,0.052492677289141275
559,0,[35.47143228 36.08690465],28.793266248927083,False,0.03085659733505818
560,0,[35.45942458 36.03924109],29.598339460306097,False,0.049152815936746044
561,0,[35.50466071 35.95520136],30.33892364591703,False,0.09544099445275087
562,0,[35.69593166 35.84003656],30.873962201684073,False,0.22326555253910826
563,0,[35.9765004  35.80139976],31.27907839806344,False,0.28321655807352764
564,0,[36.24206592 35.63236772],30.84910136086138,False,0.31479656684360874
565,0,[36.54734629 35.46116668],30.904829905871583,False,0.35000842663071774
566,0,[36.69576683 35.46783738],31.460840856021132,False,0.14857037344300197
567,0,[36.94899994 35.60620659],31.916009659166246,False,0.28857069857723483
568,0,[36.97551898 35.61173073],31.62129792252413,False,0.027088285424289996
569,0,[37.20386404 35.72062945],31.8609273951477,False,0.2529830047309819
570,0,[37.47353565 35.98688474],32.19495018844072,False,0.37896524867679027
571,0,[37.54666889 36.00420045],31.64841461007847,False,0.07515519623710079
572,0,[37.75389975 36.14523813],32.01350134419295,False,0.25067161257588205
573,0,[38.17300236 36.47810803],32.08714808845508,False,0.5352096486533098
574,0,[38.20612585 36.52171961],32.33716219094126,False,0.05476436432274219
575,0,[38.21738995 36.63454144],32.88721294329275,False,0.11338273932220735
576,0,[38.21569734 36.72922192],33.004598024443055,False,0.09469560959214679
577,0,[38.25656914 36.77265435],32.23168901435227,False,0.0596395889076353
578,0,[38.57261057 36.96254516],31.956964577229396,False,0.3687013686145202
579,0,[38.60503695 37.06184457],32.67108823634225,False,0.10445976706632241
580,0,[38.5920194  37.43305518],33.02177631007182,False,0.37143878544459324
581,0,[38.64938455 37.51303141],32.36449514898127,False,0.09842233809821165
582,0,[38.99067957 37.81599999],32.141905969668315,False,0.45636855106523383
583,0,[39.01619169 37.87580347],32.5834984732389,False,0.06501787902384933
584,0,[38.99156329 37.9684567 ],33.24652774830595,False,0.0958706401723379
585,0,[38.90634693 38.50565669],33.144042633560204,False,0.5439169567217147
586,0,[38.75206482 38.90355393],33.35661892715876,False,0.42676126228745026
587,0,[38.75025252 38.9059486 ],33.634564848533046,False,0.003003143916287697
588,0,[38.37423094 39.32388086],33.71938266955509,False,0.5621917853461212
589,0,[38.32890078 39.33921275],34.231370664988525,False,0.047852804725931314
590,0,[38.00560221 39.31428262],34.63447868254142,False,0.324258344880241
591,0,[37.98554416 39.2907587 ],35.42227553109037,False,0.03091440329295821
592,0,[37.96099809 39.09330349],36.004637910782,False,0.19897505198783202
593,0,[38.05865161 38.82108642],36.472749921788136,False,0.28920294054909224
594,0,[38.01914238 38.71464368],35.772899588445014,False,0.11353870586907143
595,0,[37.78269336 38.26601217],35.643266675447926,False,0.5071275639280189
596,0,[37.67553263 38.22303077],34.938967353085616,False,0.11545918218585396
597,0,[37.28007253 37.97324668],35.12087126972911,False,0.4677400832070937
598,0,[37.09968637 37.94806798],34.69620535205731,False,0.18213493008957052
599,0,[36.9790505  37.83027012],35.3310151885739,False,0.16861005214199334
600,0,[36.85685032 37.53184508],35.73966040466478,False,0.32247539823286364
601,0,[36.85855964 37.4479765 ],36.148693654250245,False,0.08388600483813628
602,0,[36.80193277 37.31519895],35.72519254493624,False,0.14434847240138937
603,0,[36.79459294 37.31025716],35.150088914557784,False,0.008848406660328427
604,0,[36.34734924 37.0982744 ],35.00013167049312,False,0.49493799150217815
605,0,[36.08833554 37.11395785],34.49704235742458,False,0.25948808752654967
606,0,[35.69467118 37.01709813],34.79877342360207,False,0.4054052747889853
607,0,[35.13238191 36.84801901],34.84961600236982,False,0.5871600895364014
608,0,[35.00846647 36.72994434],35.31878565050005,False,0.1711626818551258
609,0,[34.8535946  36.40470857],35.68390208605568,False,0.36022715373772
610,0,[34.82432838 36.29867599],35.859009074607606,False,0.1099973631918724
611,0,[34.82006488 36.29590156],35.13441340452911,False,0.005086731188421866
612,0,[34.73758657 36.21927415],35.30616028552777,False,0.11258078602470342
613,0,[34.71803936 36.08606433],35.982615310870514,False,0.13463635616119615
614,0,[34.7974729  35.93676516],36.617267546025566,False,0.1691151453094581
615,0,[35.07654906 35.59723254],36.81629332892532,False,0.43950642960523356
616,0,[35.07232998 35.56766801],35.98656509022268,False,0.02986405239552047
617,0,[35.04484658 35.14392309],36.063547867837684,False,0.42463525624829473
618,0,[35.02420955 35.12743246],35.23169856061209,False,0.026416430749057734
619,0,[34.85304184 34.82275231],35.616461962652046,False,0.349468707753717
620,0,[34.56722171 34.30767537],35.62171224993221,False,0.5890648514166692
621,0,[34.56320598 34.13351814],36.10526152495109,False,0.17420351982231105
622,0,[34.56287047 34.11776507],36.107020912529826,False,0.015756644473301794
623,0,[34.5254482 34.0475571],35.63860200089766,False,0.07955869301878234
624,0,[34.53421128 34.02013497],36.437621323552975,False,0.02878826681332513
625,0,[34.69000347 33.88155729],36.97212630731835,False,0.20850654593504864
626,0,[34.80571585 33.83593637],37.323562356057714,False,0.12438096338878889
627,0,[34.81080257 33.83743795],37.986156271003466,False,0.005303725698975122
628,0,[35.05075367 33.96102441],38.17472566179299,False,0.26990765065418326
629,0,[35.20506037 33.94254493],37.57992134914901,False,0.15540929811724613
630,0,[35.48454747 34.01872327],37.96521265792649,False,0.28968289246617496
631,0,[36.02703149 34.12940593],37.90037875698831,False,0.5536601557132228
632,0,[36.32334391 34.27324158],38.151026673283575,False,0.32937780879460365
633,0,[36.34147987 34.27893359],38.00322826988855,False,0.019008211967550013
634,0,[36.72428737 34.40924284],38.02721255798045,False,0.4043786346367003
635,0,[36.73755972 34.40894348],37.67656006428569,False,0.013275734923830947
636,0,[36.84952503 34.37732624],37.42389357275023,False,0.11634379470617888
637,0,[37.42234133 34.21277134],37.41937131341701,False,0.5959839172593848
638,0,[37.74844819 34.24763739],37.80562324395675,False,0.3279654324153977
639,0,[37.89205505 34.17710549],37.24257271179771,False,0.15999274446965958
640,0,[38.33477203 34.03054776],37.37942527502277,False,0.46634482977923997
641,0,[38.5009893  34.08306875],38.00516209859752,False,0.17431762215613
642,0,[38.56048262 34.09821223],37.94835966475893,False,0.061390392725776954
643,0,[38.77170948 34.15982971],37.98294804127892,False,0.22003067825809736
644,0,[39.0278605  34.37215638],38.39123516516375,False,0.33271002451975873
645,0,[39.22183558 34.45198335],38.08951995047377,False,0.20975862003434656
646,0,[39.38523841 34.56300069],38.295884199796376,False,0.19754831020172728
647,0,[39.48804817 34.63040497],38.27942873100072,False,0.12293568602402653
648,0,[39.64074309 34.82488899],38.604301297257386,False,0.24726458179919297
649,0,[39.63321288 34.91266186],39.355490647663494,False,0.08809529282450168
650,0,[39.54579082 35.24651586],39.52601499667137,False,0.34511029136124727
651,0,[39.391464   35.64617786],39.63841238314521,False,0.42842325255664876
652,0,[39.39078261 35.64741656],39.772815079220116,False,0.0014137417353408792
653,0,[39.08446935 36.13820284],39.82787988373096,False,0.5785317517324149
654,0,[39.04638197 36.17925842],40.017819764486376,False,0.05600186217129488
655,0,[38.86605406 36.23444968],40.543696876845665,False,0.1885848146434678
656,0,[38.80728606 36.21117847],41.21774429016901,False,0.06320780375643448
657,0,[38.77369561 36.1384997 ],41.978566879117395,False,0.08006573267640767
658,0,[38.78149045 36.09994526],42.61098903493682,False,0.039334522964174494
659,0,[38.95272779 35.6514924 ],42.77625488479872,False,0.48003352895322704
660,0,[39.06865164 35.16002171],42.6431383599377,False,0.5049572031029523
661,0,[39.00864649 35.03564523],41.961993391135685,False,0.13809462977912845
662,0,[38.71717859 34.63811631],41.778839199381416,False,0.4929328379384382
663,0,[38.60077455 34.59845071],41.16912226355786,False,0.1229766673465782
664,0,[38.08043537 34.3728386 ],41.24982554664893,False,0.5671452066127626
665,0,[37.77561858 34.36364455],40.87085790542997,False,0.30495540906606383
666,0,[37.61192518 34.33813552],40.99529530023623,False,0.1656690693602747
667,0,[37.18766943 34.19479318],41.16653048607572,False,0.4478168949858353
668,0,[36.99083326 34.03075849],41.535456399822905,False,0.2562261746477185
669,0,[36.83182785 33.98650611],41.11214295774379,False,0.1650484642239918
670,0,[36.35686719 33.91407845],40.99203063805105,False,0.48045124412503437
671,0,[36.14407357 34.00228412],40.44775005597671,False,0.23035052525119704
672,0,[35.77286902 34.02309581],40.78469782378276,False,0.3717874977689068
673,0,[35.26501109 34.12804098],40.63692989498814,False,0.5185876649399456
674,0,[35.06161681 34.08450362],41.051576277632215,False,0.2080017646634107
675,0,[34.95649764 34.13174599],40.418335343617585,False,0.11524704758134761
676,0,[34.85487563 34.1429588 ],40.73081060981843,False,0.10223873437133237
677,0,[34.82539269 34.17354383],40.0369610920354,False,0.04248161993846217
678,0,[34.43215072 34.43824527],40.24824328975562,False,0.4740317467493195
679,0,[34.29367478 34.57270618],40.07001570615312,False,0.193016380150616
680,0,[33.99822294 34.84516695],40.09576770900517,False,0.4019037935435115
681,0,[33.88025666 35.12902234],39.66377800126105,False,0.3073921380975667
682,0,[33.70359811 35.44128106],39.784758635418,False,0.3587669916548675
683,0,[33.65321051 35.50677612],39.92566880121949,False,0.08263481699034604
684,0,[33.45951023 35.57287971],40.511830391068756,False,0.20466920358708282
685,0,[33.236439   35.56138192],40.89220204061208,False,0.22336734988192525
686,0,[33.20042203 35.55514184],41.01225565076517,False,0.03655353121189654
687,0,[32.88858695 35.37153985],41.37283250658387,False,0.36187125888560684
688,0,[32.8080797 35.2236661],41.91294223024306,False,0.16836882679534945
689,0,[32.79885071 35.19447931],42.10524483801711,False,0.030611159153832737
690,0,[32.80793761 35.14915871],42.60937965485281,False,0.04622259888424546
691,0,[32.81783293 35.14335368],43.45175627029371,False,0.011472388333624352
692,0,[33.12786409 35.11448812],43.88945943245983,False,0.3113720263454197
693,0,[33.20882299 35.15489174],44.44519514521501,False,0.0904809201176174
694,0,[33.23319156 35.16159502],44.25073662959815,False,0.025273720220969288
695,0,[33.26581394 35.19830819],44.826626865733715,False,0.04911290121934061
696,0,[33.28047936 35.22649496],45.073342477789645,False,0.03177370543579839
697,0,[33.51018545 35.43039484],44.70825009277487,False,0.30714825271820756
698,0,[33.91625035 35.83362588],44.7641936878405,False,0.5722621604092334
699,0,[34.35288217 36.24728801],44.740688060472934,False,0.601467950086741
700,0,[34.80051171 36.63148383],44.691584165572394,False,0.5898971458635163
701,0,[34.81704395 36.62911645],43.84006604954423,False,0.016700875735859867
702,0,[35.05884615 36.65632383],44.09434503343898,False,0.24332806149142283
703,0,[35.13254557 36.69494976],44.46503899440148,False,0.0832079762646007
704,0,[35.16590282 36.68721198],43.75436146492858,False,0.03424294643165157
705,0,[35.68317742 36.63668231],43.88492167575943,False,0.5197367239785012
706,0,[35.99999926 36.7381543 ],44.292254911063374,False,0.3326749796705441
707,0,[36.06166546 36.7656997 ],44.402391285325606,False,0.06753864927442241
708,0,[36.34361876 36.9734533 ],44.617320526472206,False,0.35022738748002735
709,0,[36.50773002 37.20031025],44.92682633244989,False,0.27999389051416684
710,0,[36.76742412 37.34539206],44.49176801184669,False,0.29747228445786955
711,0,[36.94790741 37.50676014],44.71183675814845,False,0.24210302622317992
712,0,[36.95314688 37.54774308],45.4259382800125,False,0.041316504624718316
713,0,[36.93188549 37.57646934],46.19025278986771,False,0.03573856056316421
714,0,[36.68100494 37.8584335 ],46.28022245018144,False,0.37741864716109885
715,0,[36.60767574 37.89794046],46.629715849258865,False,0.08329448392651123
716,0,[36.5662843  37.88500757],47.42673201305463,False,0.04336486355578195
717,0,[36.55439216 37.85954651],48.25772653326502,False,0.028101395198941854
718,0,[36.56086008 37.84326631],49.07285166155164,False,0.017517954727462152
719,0,[36.7083768  37.74216272],49.66464266599728,False,0.17883824725091751
720,0,[36.82306738 37.63250921],49.50253294687616,False,0.15867521113244523
721,0,[36.91044934 37.37089918],49.01705103463613,False,0.27581771856121673
722,0,[36.95388145 36.91551481],48.789773144273774,False,0.45745084112284967
723,0,[36.84970588 36.61271655],48.36332820035921,False,0.32021763815366516
724,0,[36.6152285  36.22369093],48.15226174322204,False,0.454225253578809
725,0,[36.55649299 36.08052142],48.30537362670572,False,0.15474937377165124
726,0,[36.51389875 35.66448834],48.59265975613064,False,0.41820782796404044
727,0,[36.58162824 35.49661263],49.078163301853486,False,0.1810235845672261
728,0,[36.61672208 35.12624519],48.789158166777966,False,0.3720263685666495
729,0,[36.58312881 34.61776767],48.62871563362192,False,0.5095860104503958
730,0,[36.48554173 34.51012916],47.958226278902835,False,0.14529035374673946
731,0,[36.41218379 34.23600107],48.43320828605565,False,0.28377385320507537
732,0,[36.35386709 33.89568267],48.52497522197586,False,0.34527879546508355
733,0,[36.26050252 33.51953941],48.45138773226156,False,0.387557343056564
734,0,[36.14624202 33.22857509],48.3204922050337,False,0.31259509833943033
735,0,[35.93663387 32.98535459],47.9833796122765,False,0.321079105248474
736,0,[35.83419333 32.86946237],47.97082107329802,False,0.15467731237548601
737,0,[35.77929481 32.81753647],47.88146800107111,False,0.07556551191235322
738,0,[35.7055345  32.58580735],48.38652241787296,False,0.24318505029402354
739,0,[35.75051988 32.46942364],49.06352363174589,False,0.12477520671557912
740,0,[35.83266383 32.38810895],49.48515744755273,False,0.11558420234007818
741,0,[35.84426498 32.38699635],50.1698709393176,False,0.011654379088126934
742,0,[35.92248784 32.40080485],50.44020999678858,False,0.07943229952725392
743,0,[36.09521493 32.42258384],50.390909610868604,False,0.17409472324515043
744,0,[36.5188621  32.43372071],50.29176448335381,False,0.42379353240943934
745,0,[37.07266352 32.40589538],50.21528042604765,False,0.5545000092476059
746,0,[37.09433093 32.41187106],50.53458384945894,False,0.02247633239043915
747,0,[37.0954908  32.41382899],51.301470896941794,False,0.0022756961430041543
748,0,[37.2168678  32.81725375],51.54402721893678,False,0.421288399803889
749,0,[37.19417681 32.98733219],51.96891039287617,False,0.17158541945462613
750,0,[37.25555128 33.09325148],51.31110991516523,False,0.12241618420557415
751,0,[37.57525961 33.54819965],51.223719129144754,False,0.5560496866902376
752,0,[37.67324642 33.58036018],50.58261744939735,False,0.10312959353224484
753,0,[37.92408277 33.58293065],50.275729733344775,False,0.25084952521227266
754,0,[38.33892199 33.69980006],50.540087422587916,False,0.43098728083691606
755,0,[38.85161651 33.77432283],50.4098266560185,False,0.518082338512969
756,0,[39.26088567 33.73338382],50.16578455253091,False,0.4113116186737851
757,0,[39.53680373 33.75532709],50.344843628692836,False,0.2767892368281993
758,0,[39.64788283 33.83284757],50.87478782582835,False,0.13545476069145504
759,0,[39.65930342 33.84422795],51.04911700862478,False,0.01612274700749143
760,0,[39.72043768 34.03859406],51.53154424809804,False,0.20375372462405683
761,0,[39.84708198 34.13311232],50.906629681924045,False,0.15802683473414797
762,0,[40.25327172 34.30744452],50.670895940321614,False,0.4420201584522144
763,0,[40.27281822 34.34299667],51.33359072244201,False,0.040571181015341115
764,0,[40.25050288 34.5139101 ],51.966109467330604,False,0.172364082566489
765,0,[40.20765918 34.63480667],52.17685307146812,False,0.12826364818347954
766,0,[40.11274042 35.02751111],52.07343560204021,False,0.404012802790656
767,0,[40.10007483 35.03476311],52.887064992023475,False,0.014594818305025946
768,0,[39.84079231 35.05219078],53.33996109083199,False,0.2598675601728868
769,0,[39.7685688  35.00067077],54.026698952733966,False,0.0887160965783896
770,0,[39.76782197 34.99262748],54.88528484386261,False,0.008077888515668973
771,0,[39.85941752 34.80025775],55.422252156772416,False,0.21306303388385356
772,0,[39.94279834 34.50371768],55.25197305147712,False,0.3080395702717287
773,0,[39.94037413 34.27765177],54.967148391110506,False,0.22607890899402175
774,0,[39.86612656 34.19438959],54.249642889886665,False,0.11155847112669579
775,0,[39.57165468 34.06119044],53.83186692755383,False,0.32319606864254946
776,0,[39.10188827 33.85884805],53.81378890783696,False,0.5114908879941883
777,0,[38.79733597 33.5942138 ],54.12245618063492,False,0.40346423878703924
778,0,[38.7102244  33.46763883],54.375094558855785,False,0.15365431319844228
779,0,[38.46703185 33.33626465],53.90236818445483,False,0.2764087362132508
780,0,[38.07886157 33.03075602],54.07386842343801,False,0.4939753973328316
781,0,[37.84103476 32.96282924],53.68528249644372,False,0.24733709085484396
782,0,[37.54474063 32.8932662 ],53.637675713149754,False,0.30435050649425544
783,0,[37.29758603 32.9646537 ],53.12589038143744,False,0.2572577870839131
784,0,[36.96491703 32.97077207],53.388685410963085,False,0.33272525866442737
785,0,[36.87667197 33.04903507],52.68155474525242,False,0.11795036405494268
786,0,[36.74641154 33.0547305 ],53.363379548640864,False,0.13038487821107342
787,0,[36.38540001 33.06928775],53.36677342644894,False,0.3613049091110923
788,0,[36.17842909 33.18287924],52.905131981486264,False,0.23609317243265698
789,0,[35.86741104 33.48336934],52.63889162863466,False,0.4324656409608355
790,0,[35.45253481 33.84531204],52.68971316763312,False,0.5505677190100815
791,0,[35.29158566 33.99336011],52.663404160539685,False,0.21868437337380334
792,0,[34.91156323 34.299201  ],52.72941604872166,False,0.48780703389555063
793,0,[34.68475271 34.6306464 ],52.43639491230486,False,0.40162055265723645
794,0,[34.68423378 34.72394046],51.84184107723812,False,0.09329549657330677
795,0,[34.77141072 35.1937417 ],51.6528043263281,False,0.47782112589601106
796,0,[34.80507368 35.22566091],51.02429804018255,False,0.04638998877766467
797,0,[35.19908932 35.65017721],51.08812602567871,False,0.5791911749262167
798,0,[35.61448745 36.0191672 ],50.99178474733898,False,0.5556160645389875
799,0,[36.02109298 36.24149944],50.76586617089637,False,0.4634217167188826
